config,archetype,policy,day,rate_med,balance_med,earned_med
bylo,casual,normal,1,9.0,35,820
bylo,casual,normal,2,25.0,2348,6450
bylo,casual,normal,3,44.0,7762,13342
bylo,casual,normal,4,66.0,15135,24412
bylo,casual,normal,5,76.0,18960,31218
bylo,casual,normal,6,94.0,36038,37738
bylo,casual,normal,7,111.8,53128,47085
bylo,casual,normal,8,137.0,59648,58402
bylo,casual,normal,9,152.5,96678,70805
bylo,casual,normal,10,169.0,149668,77520
bylo,casual,normal,11,198.5,117310,86832
bylo,casual,normal,12,206.0,145872,97492
bylo,casual,normal,13,225.5,226622,105548
bylo,casual,normal,14,278.0,340985,113480
bylo,casual,normal,15,328.0,474348,148525
bylo,casual,normal,16,338.5,601602,162355
bylo,casual,normal,17,366.0,801305,173060
bylo,casual,normal,18,377.0,980305,181715
bylo,casual,normal,19,397.2,1161645,194508
bylo,casual,normal,20,424.0,1372270,208882
bylo,casual,normal,21,415.5,1581360,216048
bylo,casual,normal,22,458.8,1788375,213115
bylo,casual,normal,23,477.0,2028735,229668
bylo,casual,normal,24,523.0,2270918,241118
bylo,casual,normal,25,555.5,2553905,266575
bylo,casual,normal,26,563.0,2846578,280662
bylo,casual,normal,27,586.5,3146635,288092
bylo,casual,normal,28,621.5,3425740,293940
bylo,casual,normal,29,635.5,3736380,313785
bylo,casual,normal,30,660.0,4064860,325172
stalo,casual,normal,1,3.0,35,60
stalo,casual,normal,2,12.0,15,865
stalo,casual,normal,3,15.0,362,3080
stalo,casual,normal,4,26.0,3188,4055
stalo,casual,normal,5,38.0,3255,6942
stalo,casual,normal,6,35.0,4799,9540
stalo,casual,normal,7,45.5,12218,9304
stalo,casual,normal,8,54.5,13555,11718
stalo,casual,normal,9,59.0,11030,14100
stalo,casual,normal,10,66.0,17315,15492
stalo,casual,normal,11,74.5,31026,17040
stalo,casual,normal,12,81.5,42086,19568
stalo,casual,normal,13,90.8,45799,21315
stalo,casual,normal,14,96.5,30909,23545
stalo,casual,normal,15,97.0,33786,25165
stalo,casual,normal,16,97.0,48535,25220
stalo,casual,normal,17,92.0,43274,25238
stalo,casual,normal,18,92.0,37131,23920
stalo,casual,normal,19,90.0,43819,23435
stalo,casual,normal,20,92.0,59459,22988
stalo,casual,normal,21,105.0,78942,23945
stalo,casual,normal,22,113.5,85802,27641
stalo,casual,normal,23,116.5,92658,29728
stalo,casual,normal,24,135.0,90636,30570
stalo,casual,normal,25,139.5,79325,35005
stalo,casual,normal,26,141.5,63589,36438
stalo,casual,normal,27,138.5,54275,35995
stalo,casual,normal,28,141.0,75945,35948
stalo,casual,normal,29,140.5,101665,36358
stalo,casual,normal,30,146.5,109712,36400
bylo,midcore,normal,1,13.0,90,1128
bylo,midcore,normal,2,39.0,1332,10475
bylo,midcore,normal,3,72.0,6078,26445
bylo,midcore,normal,4,108.0,23885,41022
bylo,midcore,normal,5,147.5,54660,63618
bylo,midcore,normal,6,185.5,42790,86580
bylo,midcore,normal,7,220.0,119692,105472
bylo,midcore,normal,8,312.0,175995,118805
bylo,midcore,normal,9,359.0,171482,175128
bylo,midcore,normal,10,384.0,356158,197905
bylo,midcore,normal,11,434.8,556861,216448
bylo,midcore,normal,12,464.5,806944,241302
bylo,midcore,normal,13,554.5,1132345,257240
bylo,midcore,normal,14,621.5,1432460,311708
bylo,midcore,normal,15,672.5,1751699,342248
bylo,midcore,normal,16,700.5,2123861,373368
bylo,midcore,normal,17,789.0,2521744,392148
bylo,midcore,normal,18,848.5,2952004,429918
bylo,midcore,normal,19,896.0,3440718,465020
bylo,midcore,normal,20,938.8,3943180,495704
bylo,midcore,normal,21,992.0,4451909,511425
bylo,midcore,normal,22,1035.8,4989100,546545
bylo,midcore,normal,23,1098.5,5561380,561128
bylo,midcore,normal,24,1136.8,6144351,616752
bylo,midcore,normal,25,1219.0,6749181,625162
bylo,midcore,normal,26,1238.5,7373124,654998
bylo,midcore,normal,27,1291.5,8007094,669892
bylo,midcore,normal,28,1343.5,8662459,696365
bylo,midcore,normal,29,1381.8,9349698,733798
bylo,midcore,normal,30,1453.5,10137014,752062
stalo,midcore,normal,1,5.0,25,190
stalo,midcore,normal,2,11.0,120,1930
stalo,midcore,normal,3,28.0,1450,4239
stalo,midcore,normal,4,38.5,4162,9260
stalo,midcore,normal,5,38.5,6341,11165
stalo,midcore,normal,6,50.0,14764,11840
stalo,midcore,normal,7,58.0,6945,15365
stalo,midcore,normal,8,69.0,15962,17690
stalo,midcore,normal,9,78.5,29918,20888
stalo,midcore,normal,10,89.0,42455,24035
stalo,midcore,normal,11,99.0,49742,27055
stalo,midcore,normal,12,102.0,27820,29880
stalo,midcore,normal,13,102.5,41429,30662
stalo,midcore,normal,14,102.0,49340,30740
stalo,midcore,normal,15,98.0,30176,29198
stalo,midcore,normal,16,102.5,38928,28890
stalo,midcore,normal,17,111.5,59668,31330
stalo,midcore,normal,18,117.5,79876,33485
stalo,midcore,normal,19,128.5,90432,35658
stalo,midcore,normal,20,140.0,51840,38951
stalo,midcore,normal,21,146.5,52579,41970
stalo,midcore,normal,22,151.5,64571,43108
stalo,midcore,normal,23,152.5,69525,44142
stalo,midcore,normal,24,164.5,94600,45615
stalo,midcore,normal,25,167.5,108240,49740
stalo,midcore,normal,26,182.5,152984,50428
stalo,midcore,normal,27,187.5,179328,54085
stalo,midcore,normal,28,188.5,209390,56190
stalo,midcore,normal,29,195.5,232749,56705
stalo,midcore,normal,30,207.5,237184,58658
bylo,hardcore,normal,1,28.0,315,4880
bylo,hardcore,normal,2,105.0,7655,37058
bylo,hardcore,normal,3,182.5,40396,97962
bylo,hardcore,normal,4,341.5,74208,153686
bylo,hardcore,normal,5,449.0,134211,271808
bylo,hardcore,normal,6,623.0,408282,364191
bylo,hardcore,normal,7,734.0,897316,466598
bylo,hardcore,normal,8,907.2,1421316,564538
bylo,hardcore,normal,9,1032.0,2070428,658020
bylo,hardcore,normal,10,1185.0,2809378,756505
bylo,hardcore,normal,11,1301.5,3643051,853160
bylo,hardcore,normal,12,1401.0,4582069,943704
bylo,hardcore,normal,13,1573.5,5587865,1028451
bylo,hardcore,normal,14,1750.8,6724186,1167198
bylo,hardcore,normal,15,1869.8,8045549,1249301
bylo,hardcore,normal,16,2005.0,9378584,1345434
bylo,hardcore,normal,17,2152.5,10703896,1449838
bylo,hardcore,normal,18,2242.0,12140748,1522520
bylo,hardcore,normal,19,2358.5,13703593,1589145
bylo,hardcore,normal,20,2489.0,15378360,1685228
bylo,hardcore,normal,21,2551.5,17225944,1798807
bylo,hardcore,normal,22,2673.0,19199565,1867061
bylo,hardcore,normal,23,2673.0,21133539,1884465
bylo,hardcore,normal,24,2673.0,22923985,1884465
bylo,hardcore,normal,25,2855.2,24898400,1894950
bylo,hardcore,normal,26,2916.0,26885465,2055780
bylo,hardcore,normal,27,3037.5,28948252,2055780
bylo,hardcore,normal,28,3037.5,31088976,2141437
bylo,hardcore,normal,29,3037.5,33179406,2141437
bylo,hardcore,normal,30,3037.5,35302923,2141437
stalo,hardcore,normal,1,3.0,120,925
stalo,hardcore,normal,2,31.0,1372,4910
stalo,hardcore,normal,3,31.0,1740,14278
stalo,hardcore,normal,4,50.5,10274,15035
stalo,hardcore,normal,5,70.0,15305,22458
stalo,hardcore,normal,6,79.8,22702,31005
stalo,hardcore,normal,7,102.0,47530,37402
stalo,hardcore,normal,8,112.0,34315,43530
stalo,hardcore,normal,9,112.0,49394,46138
stalo,hardcore,normal,10,107.0,28515,41898
stalo,hardcore,normal,11,117.0,44909,42852
stalo,hardcore,normal,12,126.0,62980,49300
stalo,hardcore,normal,13,126.5,70518,51842
stalo,hardcore,normal,14,148.5,72475,54998
stalo,hardcore,normal,15,158.0,87559,62648
stalo,hardcore,normal,16,168.0,68092,66745
stalo,hardcore,normal,17,175.8,91332,72512
stalo,hardcore,normal,18,183.5,137304,72738
stalo,hardcore,normal,19,198.0,185461,77505
stalo,hardcore,normal,20,208.5,193812,82668
stalo,hardcore,normal,21,215.0,244512,87665
stalo,hardcore,normal,22,215.5,235940,91910
stalo,hardcore,normal,23,216.5,185916,90838
stalo,hardcore,normal,24,209.0,146884,86009
stalo,hardcore,normal,25,219.5,142565,87478
stalo,hardcore,normal,26,210.5,149691,87702
stalo,hardcore,normal,27,211.5,179851,86590
stalo,hardcore,normal,28,222.0,207224,88440
stalo,hardcore,normal,29,234.0,280919,95048
stalo,hardcore,normal,30,244.5,353498,99008
bylo,casual,exploit,1,4.0,10,60
bylo,casual,exploit,2,29.0,75,3202
bylo,casual,exploit,3,80.0,7025,20630
bylo,casual,exploit,4,136.5,25118,46275
bylo,casual,exploit,5,298.5,55952,90522
bylo,casual,exploit,6,417.0,99085,173150
bylo,casual,exploit,7,630.5,206588,243075
bylo,casual,exploit,8,789.0,496812,334110
bylo,casual,exploit,9,1011.2,879970,431260
bylo,casual,exploit,10,1163.0,1331555,546935
bylo,casual,exploit,11,1312.2,1903085,595048
bylo,casual,exploit,12,1441.8,2596408,679520
bylo,casual,exploit,13,1564.0,3349852,738865
bylo,casual,exploit,14,1768.8,4197475,798032
bylo,casual,exploit,15,1966.2,5041522,898860
bylo,casual,exploit,16,2276.2,6143438,1042160
bylo,casual,exploit,17,2492.5,7263938,1166715
bylo,casual,exploit,18,2605.0,8465110,1249545
bylo,casual,exploit,19,2651.5,9743295,1296430
bylo,casual,exploit,20,2758.8,11017790,1337375
bylo,casual,exploit,21,2892.8,12213228,1404465
bylo,casual,exploit,22,2916.0,13659190,1458000
bylo,casual,exploit,23,2916.0,15171818,1458000
bylo,casual,exploit,24,2916.0,16596682,1458000
bylo,casual,exploit,25,2916.0,18011948,1458000
bylo,casual,exploit,26,2916.0,19439212,1458000
bylo,casual,exploit,27,3037.5,20853158,1504170
bylo,casual,exploit,28,3037.5,22328715,1488982
bylo,casual,exploit,29,3037.5,23827980,1518750
bylo,casual,exploit,30,3037.5,25363172,1518750
bylo,hardcore,exploit,1,83.0,1151,11220
bylo,hardcore,exploit,2,517.5,39820,148930
bylo,hardcore,exploit,3,1143.8,222980,566648
bylo,hardcore,exploit,4,1861.0,1166016,1016958
bylo,hardcore,exploit,5,2551.5,2681458,1531387
bylo,hardcore,exploit,6,2880.2,4473552,1907246
bylo,hardcore,exploit,7,3037.5,6538361,2074916
bylo,hardcore,exploit,8,3159.0,8615088,2149672
bylo,hardcore,exploit,9,3280.5,11068226,2257166
bylo,hardcore,exploit,10,3523.5,13553205,2398410
bylo,hardcore,exploit,11,3645.0,15966145,2487712
bylo,hardcore,exploit,12,3645.0,18424905,2569725
bylo,hardcore,exploit,13,3734.2,20943144,2569725
bylo,hardcore,exploit,14,4159.5,23573981,2669962
bylo,hardcore,exploit,15,4252.5,26347021,2964341
bylo,hardcore,exploit,16,4374.0,29303134,3044486
bylo,hardcore,exploit,17,4738.5,32431305,3120120
bylo,hardcore,exploit,18,4738.5,35486059,3340642
bylo,hardcore,exploit,19,4860.0,38856986,3357044
bylo,hardcore,exploit,20,5042.2,42425481,3477330
bylo,hardcore,exploit,21,5103.0,46281723,3557520
bylo,hardcore,exploit,22,5192.2,50309370,3611328
bylo,hardcore,exploit,23,5285.2,54342999,3692846
bylo,hardcore,exploit,24,5406.8,58127606,3768930
bylo,hardcore,exploit,25,5832.0,61935213,3841830
bylo,hardcore,exploit,26,5832.0,65943972,4111560
bylo,hardcore,exploit,27,6135.8,69763781,4228301
bylo,hardcore,exploit,28,6135.8,74057176,4325704
bylo,hardcore,exploit,29,6196.5,78499530,4368532
bylo,hardcore,exploit,30,6196.5,82664226,4368532
bylo,midcore,whale,1,25.0,15,1705
bylo,midcore,whale,2,78.5,6654,20929
bylo,midcore,whale,3,131.0,24834,46661
bylo,midcore,whale,4,182.5,56022,75599
bylo,midcore,whale,5,270.5,60374,109472
bylo,midcore,whale,6,342.5,170234,160138
bylo,midcore,whale,7,396.0,168904,196085
bylo,midcore,whale,8,474.5,361354,221719
bylo,midcore,whale,9,552.2,612555,260385
bylo,midcore,whale,10,619.0,938242,306316
bylo,midcore,whale,11,684.5,1299675,339202
bylo,midcore,whale,12,769.8,1665426,382458
bylo,midcore,whale,13,830.2,2086774,426269
bylo,midcore,whale,14,902.0,2527282,461865
bylo,midcore,whale,15,995.5,3026295,497234
bylo,midcore,whale,16,1055.0,3562530,547140
bylo,midcore,whale,17,1141.0,4182474,585646
bylo,midcore,whale,18,1199.5,4823969,620998
bylo,midcore,whale,19,1300.0,5480218,659302
bylo,midcore,whale,20,1380.2,6268335,707920
bylo,midcore,whale,21,1446.5,7055404,749490
bylo,midcore,whale,22,1537.8,7806614,785268
bylo,midcore,whale,23,1597.0,8598968,842948
bylo,midcore,whale,24,1699.5,9512446,868248
bylo,midcore,whale,25,1756.0,10418768,924210
bylo,midcore,whale,26,1831.8,11308911,953568
bylo,midcore,whale,27,1892.5,12255821,992195
bylo,midcore,whale,28,1999.5,13220296,1034862
bylo,midcore,whale,29,2069.8,14235989,1086540
bylo,midcore,whale,30,2137.5,15351255,1124928
bylo,hardcore,whale,1,76.0,1682,13208
bylo,hardcore,whale,2,237.0,17127,90466
bylo,hardcore,whale,3,413.5,88559,213592
bylo,hardcore,whale,4,618.5,160080,343002
bylo,hardcore,whale,5,826.0,615810,492841
bylo,hardcore,whale,6,1030.0,1250315,630104
bylo,hardcore,whale,7,1250.2,2005430,780138
bylo,hardcore,whale,8,1457.0,2900947,924762
bylo,hardcore,whale,9,1690.0,3971968,1097898
bylo,hardcore,whale,10,1916.8,5227176,1269320
bylo,hardcore,whale,11,2114.0,6653070,1412998
bylo,hardcore,whale,12,2282.0,8195975,1528558
bylo,hardcore,whale,13,2501.2,9809248,1646550
bylo,hardcore,whale,14,2626.5,11570386,1761550
bylo,hardcore,whale,15,2794.5,13638495,1902090
bylo,hardcore,whale,16,2916.0,15579603,2033362
bylo,hardcore,whale,17,2916.0,17765870,2055780
bylo,hardcore,whale,18,2916.0,19709225,2055780
bylo,hardcore,whale,19,2976.8,21920240,2070134
bylo,hardcore,whale,20,3037.5,24045027,2085045
bylo,hardcore,whale,21,3037.5,26183020,2141437
bylo,hardcore,whale,22,3037.5,28378059,2141437
bylo,hardcore,whale,23,3037.5,30752011,2141437
bylo,hardcore,whale,24,3037.5,32908462,2141580
bylo,hardcore,whale,25,3037.5,34999904,2161387
bylo,hardcore,whale,26,3098.2,37216602,2166952
bylo,hardcore,whale,27,3159.0,39972288,2185691
bylo,hardcore,whale,28,3159.0,42606611,2227095
bylo,hardcore,whale,29,3280.5,44888620,2242586
bylo,hardcore,whale,30,3402.0,47328690,2312752
stalo,midcore,whale,1,9.0,0,270
stalo,midcore,whale,2,21.0,165,3231
stalo,midcore,whale,3,38.5,3610,7560
stalo,midcore,whale,4,47.0,4638,12175
stalo,midcore,whale,5,54.0,9294,14702
stalo,midcore,whale,6,71.2,13585,17296
stalo,midcore,whale,7,88.8,12728,22330
stalo,midcore,whale,8,94.0,34221,26946
stalo,midcore,whale,9,99.0,50938,28318
stalo,midcore,whale,10,103.0,27418,30220
stalo,midcore,whale,11,102.0,38084,30970
stalo,midcore,whale,12,102.0,54145,31122
stalo,midcore,whale,13,109.0,29490,31198
stalo,midcore,whale,14,115.5,35130,32729
stalo,midcore,whale,15,123.0,51215,35501
stalo,midcore,whale,16,129.0,61061,37836
stalo,midcore,whale,17,139.0,71784,38615
stalo,midcore,whale,18,147.0,79811,41982
stalo,midcore,whale,19,159.0,68308,44108
stalo,midcore,whale,20,171.0,79884,48314
stalo,midcore,whale,21,181.0,67200,52311
stalo,midcore,whale,22,190.0,71468,55228
stalo,midcore,whale,23,195.2,112946,57490
stalo,midcore,whale,24,206.0,138606,59171
stalo,midcore,whale,25,211.5,146006,61660
stalo,midcore,whale,26,211.0,153694,63448
stalo,midcore,whale,27,211.0,177702,63276
stalo,midcore,whale,28,210.5,201008,63799
stalo,midcore,whale,29,217.5,181918,64568
stalo,midcore,whale,30,208.0,193080,64915
stalo,hardcore,whale,1,17.0,115,1641
stalo,hardcore,whale,2,41.0,1390,10889
stalo,hardcore,whale,3,45.0,8590,18550
stalo,hardcore,whale,4,67.2,15589,22456
stalo,hardcore,whale,5,89.0,21160,31508
stalo,hardcore,whale,6,99.0,41348,37860
stalo,hardcore,whale,7,111.0,35374,42830
stalo,hardcore,whale,8,112.0,43768,46908
stalo,hardcore,whale,9,114.0,33376,47060
stalo,hardcore,whale,10,128.0,40760,50198
stalo,hardcore,whale,11,137.0,59924,55201
stalo,hardcore,whale,12,147.0,77845,57828
stalo,hardcore,whale,13,167.5,67681,64982
stalo,hardcore,whale,14,177.0,77094,72480
stalo,hardcore,whale,15,191.0,81138,75908
stalo,hardcore,whale,16,208.0,119944,81384
stalo,hardcore,whale,17,214.8,156500,86854
stalo,hardcore,whale,18,221.0,171680,91322
stalo,hardcore,whale,19,218.5,157802,88305
stalo,hardcore,whale,20,196.0,154066,89629
stalo,hardcore,whale,21,205.0,179240,84021
stalo,hardcore,whale,22,208.5,210935,87669
stalo,hardcore,whale,23,219.2,205038,90010
stalo,hardcore,whale,24,222.2,243144,92770
stalo,hardcore,whale,25,235.5,243959,92451
stalo,hardcore,whale,26,248.5,287640,99175
stalo,hardcore,whale,27,257.0,316738,105018
stalo,hardcore,whale,28,273.0,396580,109968
stalo,hardcore,whale,29,286.5,499694,114028
stalo,hardcore,whale,30,296.5,559092,123648
stalo,hardcore,exploit,1,9.0,215,1210
stalo,hardcore,exploit,2,30.8,2558,6185
stalo,hardcore,exploit,3,34.0,2575,13610
stalo,hardcore,exploit,4,49.0,9459,15480
stalo,hardcore,exploit,5,74.0,15789,24278
stalo,hardcore,exploit,6,89.0,25248,32939
stalo,hardcore,exploit,7,104.0,46780,39480
stalo,hardcore,exploit,8,114.0,33790,45065
stalo,hardcore,exploit,9,107.0,43995,47310
stalo,hardcore,exploit,10,106.2,28212,41690
stalo,hardcore,exploit,11,120.0,47569,46240
stalo,hardcore,exploit,12,125.0,63765,50550
stalo,hardcore,exploit,13,139.0,71050,52045
stalo,hardcore,exploit,14,155.0,67590,60005
stalo,hardcore,exploit,15,163.0,76390,66502
stalo,hardcore,exploit,16,164.5,78834,69886
stalo,hardcore,exploit,17,185.5,89979,71769
stalo,hardcore,exploit,18,194.0,128222,75962
stalo,hardcore,exploit,19,199.5,165732,82620
stalo,hardcore,exploit,20,200.5,219145,84970
stalo,hardcore,exploit,21,200.5,240835,85025
stalo,hardcore,exploit,22,213.0,210945,85552
stalo,hardcore,exploit,23,210.0,137034,87008
stalo,hardcore,exploit,24,203.5,162531,84295
stalo,hardcore,exploit,25,211.5,140750,84920
stalo,hardcore,exploit,26,212.0,154396,85705
stalo,hardcore,exploit,27,220.5,169722,89922
stalo,hardcore,exploit,28,234.0,229679,92789
stalo,hardcore,exploit,29,243.5,294632,98818
stalo,hardcore,exploit,30,241.5,357785,103260
stalo,casual,whale,1,3.0,20,60
stalo,casual,whale,2,12.0,95,945
stalo,casual,whale,3,27.0,560,3379
stalo,casual,whale,4,38.0,1565,7161
stalo,casual,whale,5,46.0,2499,9935
stalo,casual,whale,6,50.2,8134,12129
stalo,casual,whale,7,66.0,13100,13296
stalo,casual,whale,8,77.5,8478,17254
stalo,casual,whale,9,87.0,18585,20455
stalo,casual,whale,10,93.5,36510,22584
stalo,casual,whale,11,97.5,47700,24308
stalo,casual,whale,12,102.0,36498,25672
stalo,casual,whale,13,102.0,32538,26520
stalo,casual,whale,14,97.0,46744,26520
stalo,casual,whale,15,97.0,57384,25270
stalo,casual,whale,16,97.0,26075,25220
stalo,casual,whale,17,102.0,37442,25185
stalo,casual,whale,18,110.2,49629,26562
stalo,casual,whale,19,120.5,67436,28845
stalo,casual,whale,20,127.0,86772,31425
stalo,casual,whale,21,137.0,86945,33139
stalo,casual,whale,22,142.0,61622,35550
stalo,casual,whale,23,148.8,64325,36956
stalo,casual,whale,24,155.5,48118,38765
stalo,casual,whale,25,160.0,61405,40605
stalo,casual,whale,26,172.0,73771,41772
stalo,casual,whale,27,178.0,99808,44828
stalo,casual,whale,28,184.0,120875,46440
stalo,casual,whale,29,186.0,159401,47942
stalo,casual,whale,30,196.2,181790,48561
